﻿Designator,Footprint,Quantity,Value,LCSC Part #
"SW0, SW1, SW2, SW3, SW4, SW5, SW6, SW7, SW8, SW9, SWAC1, SWCOS1, SWDEL1, SWDIV1, SWDOT1, SWDOWN1, SWEXE1, SWFRAC1, SWIN1, SWINT1, SWLBRAC1, SWLEFT1, SWLN1, SWLOG1, SWMINUS1, SWMULT1, SWON1, SWOUT1, SWPI1, SWPLUS1, SWPOWER1, SWRBRAC1, SWRIGHT1, SWSHIFT1, SWSIN1, SWSQRT1, SWSQUARE1, SWTAN1, SWUP1, SWX1",SW_SPST_Omron_B3FS-105xP,40,SW_Omron_B3FS,C231326
SWRAD1,JS102011CQN,1,SW_SPDT,C7420211
U1,MODULE_RASPBERRY_PI_ZERO_2_W,1,RASPBERRY_PI_ZERO_2_W,
"U4, U5",SOIC-28W_7.5x17.9mm_P1.27mm,2,MCP23017_SO,C47023
